Node_ID,Distance_to_Hazard,Elevation,Building_Type,Num_Elderly,Num_Children,Family_Size,Risk_Label,Exact_Risk_Score
5849558895,493.84,7.0,0,1,1,4,0,0.274
4379204141,897.26,13.0,0,0,2,4,0,0.161
12201181008,131.65,15.0,1,1,1,6,1,0.616
9991981980,959.61,7.0,0,0,2,4,0,0.243
5886438380,139.83,11.0,1,0,2,3,1,0.709
10185742824,235.1,9.0,1,0,0,1,1,0.527
5994351184,79.75,4.0,1,1,2,4,1,0.938
5864396461,207.34,11.0,0,0,0,2,0,0.219
12060804773,573.75,12.0,0,0,1,6,0,0.122
7483800342,68.8,13.0,1,1,2,6,1,0.74
5992021291,660.6,4.0,0,0,2,3,0,0.368
12058424884,192.38,11.0,1,0,0,1,1,0.53
6199709058,820.09,12.0,0,1,2,8,0,0.148
5864894057,117.48,4.0,1,0,0,2,1,0.742
12060746772,926.27,9.0,0,0,3,4,0,0.258
12873608626,26.9,11.0,0,0,1,4,1,0.476
12210502400,874.57,12.0,0,1,1,3,0,0.204
7483739748,616.48,13.0,0,0,2,6,0,0.142
5848333899,91.8,18.0,1,2,1,4,1,0.73
11252529241,470.18,35.0,1,1,0,4,0,0.39
12422101777,79.03,8.0,1,1,1,5,1,0.77
12212373826,89.69,7.0,0,0,0,2,0,0.395
12054223492,374.83,11.0,0,0,1,4,0,0.188
4731721884,428.09,14.0,0,1,1,4,0,0.196
4456431397,719.08,13.0,1,0,0,3,0,0.368
2905302532,30.89,40.0,0,1,0,4,0,0.394
11029566090,298.61,13.0,0,0,1,3,0,0.213
12217482369,715.35,10.0,0,1,1,5,0,0.18
5854687827,913.97,7.0,1,1,1,3,1,0.577
13025740425,193.86,7.0,1,1,0,3,1,0.658
12069400774,131.2,5.0,0,1,1,7,1,0.454
4379201563,196.89,6.0,0,0,1,3,0,0.379
5864956883,137.21,20.0,0,1,0,4,0,0.271
5973738032,173.81,7.0,1,0,2,3,1,0.741
7488111725,170.05,5.0,1,1,0,2,1,0.76
7489823154,566.27,8.0,0,0,0,1,0,0.144
7488056759,284.45,9.0,1,0,0,2,1,0.5
4518983853,396.95,14.0,0,2,1,4,0,0.254
2605984110,469.61,10.0,0,0,0,1,0,0.127
4996732866,889.42,29.0,1,0,1,2,1,0.41
11867350804,661.84,13.0,1,0,1,4,1,0.422
7483887285,545.75,13.0,1,0,3,5,1,0.503
9948746963,87.6,15.0,0,2,2,5,1,0.46
7923650755,975.34,6.0,1,0,2,3,1,0.599
2838914839,928.0,7.0,1,0,2,5,1,0.524
8880402727,206.9,36.0,0,3,0,6,0,0.244
12058425049,846.89,12.0,0,0,0,2,0,0.072
6350673961,954.97,0.0,1,0,3,4,1,0.853
5848630335,609.05,8.0,0,0,1,2,0,0.24
4386797697,356.59,10.0,1,1,1,5,1,0.537
12058464828,845.26,9.0,0,0,0,2,0,0.11
11867282374,857.08,13.0,1,0,1,2,1,0.462
12058424974,325.52,9.0,1,0,1,3,1,0.549
11822834683,672.26,9.0,1,0,2,3,1,0.551
2604599707,785.85,8.0,0,1,2,6,0,0.228
5854609595,452.33,0.0,0,0,0,3,1,0.442
12060462890,341.71,11.0,0,0,1,3,0,0.216
7478477817,484.17,9.0,1,0,3,5,1,0.559
5213837918,635.5,6.0,0,1,0,2,0,0.279
13588255170,177.56,12.0,1,1,1,7,1,0.588
7462771095,574.65,27.0,0,0,2,3,0,0.163
11107057396,35.64,5.0,1,0,1,3,1,0.89
5854747932,310.14,11.0,0,0,0,1,0,0.162
7485195294,713.3,5.0,0,1,1,3,0,0.334
5974713628,541.22,0.0,1,1,1,3,1,0.86
8890463981,30.1,5.0,0,0,0,3,1,0.533
5886105510,627.13,10.0,1,0,2,5,1,0.487
7998455137,934.47,8.0,0,1,2,7,0,0.21
12220736750,23.51,10.0,1,1,0,3,1,0.812
12060461486,444.08,7.0,0,1,1,3,0,0.317
12198333595,281.39,8.0,1,1,1,4,1,0.618
12210502087,105.22,33.0,0,0,2,4,0,0.339
12201180976,336.61,16.0,1,0,2,4,1,0.511
12210302506,87.89,23.0,1,0,1,2,1,0.67
5853144093,667.2,9.0,0,0,0,1,0,0.118
12058512153,512.65,10.0,0,0,1,2,0,0.22
7505134076,982.03,12.0,1,0,0,1,0,0.369
5047298646,630.35,13.0,0,0,0,2,0,0.074
1511950460,664.23,7.0,0,0,1,7,0,0.183
5978099763,376.19,5.0,1,0,0,2,1,0.55
8928063208,832.72,12.0,1,0,1,2,1,0.472
5886282537,457.64,13.0,0,2,4,7,0,0.269
11818002007,896.62,12.0,0,0,3,4,0,0.221
12217430778,995.64,11.0,0,0,1,2,0,0.18
9948709414,717.61,10.0,0,0,0,3,0,0.1
12210279227,7.95,12.0,0,0,1,3,1,0.517
5883448093,817.54,10.0,0,0,0,1,0,0.096
12229762359,407.58,7.0,1,1,4,8,1,0.617
7481747892,132.92,12.0,1,0,1,4,1,0.622
12222032855,204.93,9.0,0,0,2,5,0,0.327
5977310555,441.5,22.0,1,0,3,5,1,0.479
7998518205,597.88,8.0,0,0,0,1,0,0.141
12060523083,808.75,11.0,1,0,0,3,0,0.384
12221868418,156.31,9.0,1,0,1,6,1,0.62
12198291777,768.68,11.0,1,0,1,2,1,0.485
5886438744,594.83,12.0,0,0,1,2,0,0.187
12061511538,138.13,7.0,0,0,1,4,0,0.39
5856440161,50.26,6.0,1,0,2,5,1,0.854
11824212249,444.82,8.0,1,2,0,3,1,0.597
8075003241,548.31,22.0,1,0,0,6,0,0.341
10033993755,52.57,11.0,0,0,1,4,1,0.434
5984365302,859.99,9.0,0,1,1,4,0,0.209
11391361585,804.23,11.0,0,2,0,6,0,0.151
8850963545,314.35,26.0,0,3,2,7,0,0.234
8880404163,648.48,35.0,1,1,1,3,1,0.451
671580067,971.45,9.0,1,0,1,2,1,0.507
7476069477,803.49,14.0,1,0,1,2,1,0.456
4009510793,647.87,9.0,0,0,3,4,0,0.269
12062510673,665.48,6.0,0,0,3,4,0,0.327
8079732745,874.57,39.0,1,0,2,6,0,0.373
7140814610,943.88,4.0,1,1,0,2,1,0.623
2919870114,349.05,2.0,0,1,1,5,1,0.446
12801902828,742.45,33.0,1,1,0,2,1,0.413
12197246817,926.32,16.0,1,1,0,2,1,0.44
5886282960,278.65,9.0,1,2,1,4,1,0.653
5886108136,189.38,15.0,1,0,1,2,1,0.597
4731721906,927.5,17.0,1,0,0,3,0,0.335
11520390505,51.52,10.0,0,0,0,1,0,0.398
11909324180,461.39,13.0,0,0,1,2,0,0.197
11879160197,96.36,4.0,0,0,0,3,1,0.467
12060462963,47.93,11.0,1,0,0,2,1,0.692
12062375778,434.17,6.0,0,1,0,2,0,0.308
12210279338,222.39,10.0,1,0,0,1,1,0.521
11861456919,286.13,9.0,1,0,0,3,1,0.499
12204842945,92.0,13.0,1,2,0,4,1,0.709
2605984217,562.75,12.0,1,0,2,3,1,0.523
11240504190,764.35,7.0,1,1,0,3,1,0.515
9961023360,197.81,12.0,1,1,0,3,1,0.582
12220736579,300.68,13.0,1,0,1,3,1,0.513
12210279308,598.7,13.0,1,3,2,8,1,0.502
12210279469,361.89,16.0,0,0,1,5,0,0.142
10111345985,636.87,13.0,1,0,2,8,1,0.423
5828611590,783.0,10.0,0,0,1,3,0,0.164
8889662897,51.46,12.0,1,1,0,4,1,0.725
7448416979,487.27,8.0,0,0,0,2,0,0.155
8930973652,373.5,30.0,0,1,0,2,0,0.166
2920445960,965.69,5.0,0,0,2,7,0,0.249
4501925987,356.85,7.0,0,1,2,5,0,0.327
12062445880,89.28,11.0,0,1,0,2,1,0.433
4979574209,744.26,5.0,1,1,1,3,1,0.632
12172030202,70.4,34.0,0,2,0,4,0,0.384
11924631881,197.76,9.0,1,0,0,1,1,0.553
12060804641,496.05,8.0,1,0,3,4,1,0.604
8863135985,530.65,18.0,0,1,0,3,0,0.122
12914962597,276.43,11.0,0,0,0,2,0,0.177
8041986754,210.53,45.0,1,0,1,3,1,0.507
5886105779,335.13,13.0,0,1,1,3,0,0.265
5977310701,648.92,53.0,1,0,3,4,1,0.466
12062510512,843.78,9.0,0,0,0,3,0,0.11
12016389361,763.11,0.0,0,1,2,6,1,0.509
10012929997,36.68,11.0,1,0,0,5,1,0.71
12873857616,810.44,11.0,0,0,1,3,0,0.15
2874367189,553.39,25.0,0,2,1,4,0,0.185
7491936948,577.76,10.0,1,0,1,2,1,0.512
12210502356,105.26,19.0,1,0,1,4,1,0.609
12061450634,962.37,10.0,1,1,2,8,1,0.468
9094085639,624.02,27.0,0,0,1,2,0,0.125
5987545447,975.1,13.0,1,1,0,3,1,0.427
8857743434,792.77,22.0,0,0,1,6,0,0.056
7489111995,638.3,3.0,1,1,1,3,1,0.705
5994351160,589.7,6.0,0,0,2,6,0,0.25
12196654421,478.12,41.0,0,0,3,4,0,0.187
12058464702,893.37,7.0,1,0,0,1,1,0.445
13564013658,946.84,10.0,0,0,4,7,0,0.207
4379169631,726.5,11.0,0,0,0,2,0,0.087
7471354289,218.63,16.0,1,0,1,3,1,0.537
12060717556,637.69,9.0,1,1,1,5,1,0.5
7489129641,175.93,9.0,0,0,2,5,0,0.35
11034633324,192.22,3.0,0,0,0,2,1,0.408
11034632994,230.71,7.0,0,0,1,2,0,0.366
12222033083,944.04,6.0,0,2,3,9,0,0.277
12981614179,803.31,14.0,1,0,1,3,1,0.423
12198333168,40.48,7.0,1,0,0,1,1,0.767
11101061801,34.46,11.0,0,0,2,3,1,0.547
7480153345,226.75,12.0,1,1,0,3,1,0.562
1489651660,204.67,8.0,0,2,0,3,0,0.398
11876009747,481.05,3.0,1,1,1,5,1,0.671
8880406369,577.73,35.0,1,0,1,4,0,0.374
8886757378,364.18,12.0,0,0,3,6,0,0.231
12215579293,279.97,8.0,0,1,0,3,0,0.286
12210502097,883.78,26.0,1,1,1,4,1,0.413
8889619322,399.8,11.0,0,1,2,4,0,0.281
8081847552,478.34,12.0,1,0,1,2,1,0.503
5848051150,331.64,35.0,1,0,1,2,1,0.478
9589559061,752.78,7.0,0,0,2,3,0,0.283
5864396969,930.03,14.0,1,1,0,2,1,0.453
12059593701,339.4,12.0,0,2,0,4,0,0.239
8932229457,809.63,28.0,1,0,2,3,1,0.446
5887062649,975.54,13.0,1,0,2,5,1,0.44
12173078302,61.66,33.0,1,0,0,6,1,0.597
11029798917,155.08,11.0,0,0,2,4,0,0.361
7479643231,650.89,10.0,1,0,1,2,1,0.505
7523363878,801.75,17.0,1,0,0,1,0,0.338
8865365959,212.19,14.0,0,0,3,8,0,0.262
7462163259,35.7,25.0,1,1,1,5,1,0.724
12210465409,699.4,45.0,1,0,0,1,0,0.313
11032406305,702.26,11.0,1,0,1,2,1,0.489
13042950030,835.16,7.0,0,0,0,1,0,0.146
5974287716,330.48,12.0,1,0,0,1,1,0.443
13028313801,694.66,11.0,1,0,1,4,1,0.439
