Node_ID,Distance_to_Hazard,Elevation,Building_Type,Num_Elderly,Num_Children,Family_Size,Risk_Label,Exact_Risk_Score,Predicted_Risk
12201181008,131.65,15.0,1,1,1,6,1,0.616,1
5886438380,139.83,11.0,1,0,2,3,1,0.709,1
10185742824,235.1,9.0,1,0,0,1,1,0.527,1
5994351184,79.75,4.0,1,1,2,4,1,0.938,1
7483800342,68.8,13.0,1,1,2,6,1,0.74,1
12058424884,192.38,11.0,1,0,0,1,1,0.53,1
5864894057,117.48,4.0,1,0,0,2,1,0.742,1
12873608626,26.9,11.0,0,0,1,4,1,0.476,1
5848333899,91.8,18.0,1,2,1,4,1,0.73,1
12422101777,79.03,8.0,1,1,1,5,1,0.77,1
5854687827,913.97,7.0,1,1,1,3,1,0.577,1
13025740425,193.86,7.0,1,1,0,3,1,0.658,1
12069400774,131.2,5.0,0,1,1,7,1,0.454,1
5973738032,173.81,7.0,1,0,2,3,1,0.741,1
7488111725,170.05,5.0,1,1,0,2,1,0.76,1
7488056759,284.45,9.0,1,0,0,2,1,0.5,1
4996732866,889.42,29.0,1,0,1,2,1,0.41,1
11867350804,661.84,13.0,1,0,1,4,1,0.422,1
7483887285,545.75,13.0,1,0,3,5,1,0.503,1
9948746963,87.6,15.0,0,2,2,5,1,0.46,1
7923650755,975.34,6.0,1,0,2,3,1,0.599,1
2838914839,928.0,7.0,1,0,2,5,1,0.524,1
6350673961,954.97,0.0,1,0,3,4,1,0.853,1
4386797697,356.59,10.0,1,1,1,5,1,0.537,1
11867282374,857.08,13.0,1,0,1,2,1,0.462,1
12058424974,325.52,9.0,1,0,1,3,1,0.549,1
11822834683,672.26,9.0,1,0,2,3,1,0.551,1
5854609595,452.33,0.0,0,0,0,3,1,0.442,1
7478477817,484.17,9.0,1,0,3,5,1,0.559,1
13588255170,177.56,12.0,1,1,1,7,1,0.588,1
11107057396,35.64,5.0,1,0,1,3,1,0.89,1
5974713628,541.22,0.0,1,1,1,3,1,0.86,1
8890463981,30.1,5.0,0,0,0,3,1,0.533,1
5886105510,627.13,10.0,1,0,2,5,1,0.487,1
12220736750,23.51,10.0,1,1,0,3,1,0.812,1
12198333595,281.39,8.0,1,1,1,4,1,0.618,1
12201180976,336.61,16.0,1,0,2,4,1,0.511,1
12210302506,87.89,23.0,1,0,1,2,1,0.67,1
7505134076,982.03,12.0,1,0,0,1,0,0.369,1
5978099763,376.19,5.0,1,0,0,2,1,0.55,1
8928063208,832.72,12.0,1,0,1,2,1,0.472,1
12210279227,7.95,12.0,0,0,1,3,1,0.517,1
12229762359,407.58,7.0,1,1,4,8,1,0.617,1
7481747892,132.92,12.0,1,0,1,4,1,0.622,1
5977310555,441.5,22.0,1,0,3,5,1,0.479,1
12221868418,156.31,9.0,1,0,1,6,1,0.62,1
12198291777,768.68,11.0,1,0,1,2,1,0.485,1
5856440161,50.26,6.0,1,0,2,5,1,0.854,1
11824212249,444.82,8.0,1,2,0,3,1,0.597,1
10033993755,52.57,11.0,0,0,1,4,1,0.434,1
8880404163,648.48,35.0,1,1,1,3,1,0.451,1
671580067,971.45,9.0,1,0,1,2,1,0.507,1
7476069477,803.49,14.0,1,0,1,2,1,0.456,1
7140814610,943.88,4.0,1,1,0,2,1,0.623,1
2919870114,349.05,2.0,0,1,1,5,1,0.446,1
12801902828,742.45,33.0,1,1,0,2,1,0.413,1
12197246817,926.32,16.0,1,1,0,2,1,0.44,1
5886282960,278.65,9.0,1,2,1,4,1,0.653,1
5886108136,189.38,15.0,1,0,1,2,1,0.597,1
11879160197,96.36,4.0,0,0,0,3,1,0.467,1
12060462963,47.93,11.0,1,0,0,2,1,0.692,1
12210279338,222.39,10.0,1,0,0,1,1,0.521,1
11861456919,286.13,9.0,1,0,0,3,1,0.499,1
12204842945,92.0,13.0,1,2,0,4,1,0.709,1
2605984217,562.75,12.0,1,0,2,3,1,0.523,1
11240504190,764.35,7.0,1,1,0,3,1,0.515,1
9961023360,197.81,12.0,1,1,0,3,1,0.582,1
12220736579,300.68,13.0,1,0,1,3,1,0.513,1
12210279308,598.7,13.0,1,3,2,8,1,0.502,1
10111345985,636.87,13.0,1,0,2,8,1,0.423,1
8889662897,51.46,12.0,1,1,0,4,1,0.725,1
12062445880,89.28,11.0,0,1,0,2,1,0.433,1
4979574209,744.26,5.0,1,1,1,3,1,0.632,1
11924631881,197.76,9.0,1,0,0,1,1,0.553,1
12060804641,496.05,8.0,1,0,3,4,1,0.604,1
8041986754,210.53,45.0,1,0,1,3,1,0.507,1
5977310701,648.92,53.0,1,0,3,4,1,0.466,1
12016389361,763.11,0.0,0,1,2,6,1,0.509,1
10012929997,36.68,11.0,1,0,0,5,1,0.71,1
7491936948,577.76,10.0,1,0,1,2,1,0.512,1
12210502356,105.26,19.0,1,0,1,4,1,0.609,1
12061450634,962.37,10.0,1,1,2,8,1,0.468,1
5987545447,975.1,13.0,1,1,0,3,1,0.427,1
7489111995,638.3,3.0,1,1,1,3,1,0.705,1
12058464702,893.37,7.0,1,0,0,1,1,0.445,1
7471354289,218.63,16.0,1,0,1,3,1,0.537,1
12060717556,637.69,9.0,1,1,1,5,1,0.5,1
11034633324,192.22,3.0,0,0,0,2,1,0.408,1
12981614179,803.31,14.0,1,0,1,3,1,0.423,1
12198333168,40.48,7.0,1,0,0,1,1,0.767,1
11101061801,34.46,11.0,0,0,2,3,1,0.547,1
7480153345,226.75,12.0,1,1,0,3,1,0.562,1
11876009747,481.05,3.0,1,1,1,5,1,0.671,1
8880406369,577.73,35.0,1,0,1,4,0,0.374,1
12210502097,883.78,26.0,1,1,1,4,1,0.413,1
8081847552,478.34,12.0,1,0,1,2,1,0.503,1
5848051150,331.64,35.0,1,0,1,2,1,0.478,1
5864396969,930.03,14.0,1,1,0,2,1,0.453,1
8932229457,809.63,28.0,1,0,2,3,1,0.446,1
5887062649,975.54,13.0,1,0,2,5,1,0.44,1
12173078302,61.66,33.0,1,0,0,6,1,0.597,1
7479643231,650.89,10.0,1,0,1,2,1,0.505,1
7462163259,35.7,25.0,1,1,1,5,1,0.724,1
11032406305,702.26,11.0,1,0,1,2,1,0.489,1
5974287716,330.48,12.0,1,0,0,1,1,0.443,1
13028313801,694.66,11.0,1,0,1,4,1,0.439,1
